subject,target_location,delay,trial,End_Center_X,End_Center_Y,Target_Center_X,Target_Center_Y,Initial_X,Initial_Y,Total_Time
sub1,cornerBottomLeft,0,0,25.142860412597656,905.1428833007812,36.839287757873535,882.1250619888306,731.7142953872681,457.71429538726807,1045
sub1,midTopRight,50,1,1073.1429443359375,255.42860412597656,1067.9375009536743,253.00894260406497,731.7142953872681,457.71429538726807,782
sub1,midTopLeft,250,2,422.2857666015625,256.57147216796875,395.4910898208618,253.00894260406497,731.7142953872681,457.71429538726807,882
sub1,midBottomLeft,100,3,392.00006103515625,662.857177734375,395.4910898208618,662.4196786880493,731.7142953872681,457.71429538726807,680
sub1,midTopRight,200,4,1080.0,248.00003051757812,1067.9375009536743,253.00894260406497,731.7142953872681,457.71429538726807,957
sub1,midTopLeft,150,5,402.8571472167969,256.57147216796875,395.4910898208618,253.00894260406497,731.7142953872681,457.71429538726807,804
sub1,cornerBottomRight,0,6,1405.71435546875,886.2858276367188,1419.1607675552368,882.1250619888306,731.7142953872681,457.71429538726807,1003
sub1,cornerTopRight,50,7,1416.5716552734375,34.28571701049805,1419.1607675552368,33.30357265472412,731.7142953872681,457.71429538726807,882
sub1,cornerTopRight,250,8,1421.71435546875,31.42857551574707,1419.1607675552368,33.30357265472412,731.7142953872681,457.71429538726807,1623
sub1,midTopLeft,100,9,370.2857666015625,249.71429443359375,395.4910898208618,253.00894260406497,731.7142953872681,457.71429538726807,861
sub1,cornerTopLeft,200,10,33.71428680419922,32.571434020996094,44.26785945892334,33.30357265472412,731.7142953872681,457.71429538726807,1571
sub1,cornerBottomRight,150,11,1424.000244140625,894.2858276367188,1419.1607675552368,882.1250619888306,731.7142953872681,457.71429538726807,1304
sub1,midBottomLeft,0,12,400.5714416503906,657.7142944335938,395.4910898208618,662.4196786880493,731.7142953872681,457.71429538726807,625
sub1,midTopLeft,50,13,397.71429443359375,248.5714569091797,395.4910898208618,253.00894260406497,731.7142953872681,457.71429538726807,638
sub1,midBottomRight,250,14,1072.0,663.4285888671875,1067.9375009536743,662.4196786880493,731.7142953872681,457.71429538726807,1217
sub1,midBottomRight,100,15,1069.71435546875,676.0,1067.9375009536743,662.4196786880493,731.7142953872681,457.71429538726807,950
sub1,cornerBottomLeft,200,16,34.85714340209961,896.571533203125,44.26785945892334,882.1250619888306,731.7142953872681,457.71429538726807,1337
sub1,midBottomLeft,150,17,385.1429138183594,670.857177734375,395.4910898208618,662.4196786880493,731.7142953872681,457.71429538726807,1046
sub1,cornerBottomLeft,0,18,58.85715103149414,875.4285888671875,44.26785945892334,882.1250619888306,731.7142953872681,457.71429538726807,1028
sub1,midBottomRight,50,19,1077.1429443359375,663.4285888671875,1067.9375009536743,662.4196786880493,731.7142953872681,457.71429538726807,985
sub1,midTopRight,250,20,1078.857177734375,256.57147216796875,1067.9375009536743,253.00894260406497,731.7142953872681,457.71429538726807,1179
sub1,cornerTopRight,100,21,1417.71435546875,37.14286422729492,1419.1607675552368,33.30357265472412,731.7142953872681,457.71429538726807,1090
sub1,cornerBottomLeft,200,22,32.571434020996094,893.1428833007812,44.26785945892334,882.1250619888306,731.7142953872681,457.71429538726807,1773
sub1,midTopRight,150,23,1080.5716552734375,249.14288330078125,1067.9375009536743,253.00894260406497,731.7142953872681,457.71429538726807,1024
sub1,midBottomLeft,0,24,393.71429443359375,664.0,395.4910898208618,662.4196786880493,731.7142953872681,457.71429538726807,950
sub1,midTopLeft,50,25,395.4285888671875,253.71429443359375,395.4910898208618,253.00894260406497,731.7142953872681,457.71429538726807,1029
sub1,cornerTopRight,250,26,1420.5716552734375,36.0,1419.1607675552368,33.30357265472412,731.7142953872681,457.71429538726807,1513
sub1,cornerBottomLeft,100,27,27.42857551574707,896.571533203125,44.26785945892334,882.1250619888306,731.7142953872681,457.71429538726807,1386
sub1,cornerBottomLeft,200,28,28.57143211364746,898.2858276367188,44.26785945892334,882.1250619888306,731.7142953872681,457.71429538726807,1635
sub1,cornerTopLeft,150,29,39.42857360839844,29.142860412597656,44.26785945892334,33.30357265472412,731.7142953872681,457.71429538726807,1634
sub1,cornerTopLeft,0,30,44.57143020629883,25.142860412597656,44.26785945892334,33.30357265472412,731.7142953872681,457.71429538726807,1091
sub1,midTopRight,50,31,1070.857177734375,248.5714569091797,1067.9375009536743,253.00894260406497,731.7142953872681,457.71429538726807,762
sub1,midTopLeft,250,32,400.5714416503906,257.71429443359375,395.4910898208618,253.00894260406497,731.7142953872681,457.71429538726807,982
sub1,cornerTopRight,100,33,1425.71435546875,32.0,1419.1607675552368,33.30357265472412,731.7142953872681,457.71429538726807,1307
sub1,cornerBottomRight,200,34,1418.2857666015625,882.2858276367188,1419.1607675552368,882.1250619888306,731.7142953872681,457.71429538726807,1651
sub1,cornerBottomRight,150,35,1422.857177734375,881.7144165039062,1419.1607675552368,882.1250619888306,731.7142953872681,457.71429538726807,1786
sub1,midBottomRight,0,36,1072.5716552734375,662.857177734375,1067.9375009536743,662.4196786880493,731.7142953872681,457.71429538726807,867
sub1,midBottomLeft,50,37,402.2857666015625,665.7142944335938,395.4910898208618,662.4196786880493,731.7142953872681,457.71429538726807,1039
sub1,cornerBottomLeft,250,38,48.57143020629883,878.2858276367188,44.26785945892334,882.1250619888306,731.7142953872681,457.71429538726807,1552
sub1,midTopRight,100,39,1070.857177734375,252.00003051757812,1067.9375009536743,253.00894260406497,731.7142953872681,457.71429538726807,997
sub1,midBottomLeft,200,40,392.00006103515625,669.1428833007812,395.4910898208618,662.4196786880493,731.7142953872681,457.71429538726807,1286
sub1,midBottomRight,150,41,1065.71435546875,661.1428833007812,1067.9375009536743,662.4196786880493,731.7142953872681,457.71429538726807,1308
sub1,cornerTopLeft,0,42,60.00000762939453,42.28572082519531,44.26785945892334,33.30357265472412,731.7142953872681,457.71429538726807,1175
sub1,midTopLeft,50,43,390.8571472167969,262.2857360839844,395.4910898208618,253.00894260406497,731.7142953872681,457.71429538726807,810
sub1,cornerTopRight,250,44,1421.71435546875,34.28571701049805,1419.1607675552368,33.30357265472412,731.7142953872681,457.71429538726807,1462
sub1,cornerTopLeft,100,45,43.42857360839844,29.71428680419922,44.26785945892334,33.30357265472412,731.7142953872681,457.71429538726807,1315
sub1,cornerTopRight,200,46,1423.4285888671875,39.42857360839844,1419.1607675552368,33.30357265472412,731.7142953872681,457.71429538726807,1523
sub1,cornerBottomRight,150,47,1421.14306640625,883.4285888671875,1419.1607675552368,882.1250619888306,731.7142953872681,457.71429538726807,1486
sub1,midBottomRight,0,48,1064.5716552734375,656.0,1067.9375009536743,662.4196786880493,731.7142953872681,457.71429538726807,876
sub1,cornerBottomLeft,50,49,45.71428680419922,889.1428833007812,44.26785945892334,882.1250619888306,731.7142953872681,457.71429538726807,1410
sub1,midBottomRight,250,50,1072.5716552734375,663.4285888671875,1067.9375009536743,662.4196786880493,731.7142953872681,457.71429538726807,1295
sub1,cornerTopLeft,100,51,37.14286422729492,31.42857551574707,44.26785945892334,33.30357265472412,731.7142953872681,457.71429538726807,1407
sub1,cornerTopLeft,200,52,21.142860412597656,20.0,44.26785945892334,33.30357265472412,731.7142953872681,457.71429538726807,1679
sub1,midTopLeft,150,53,398.2857666015625,257.1429138183594,395.4910898208618,253.00894260406497,731.7142953872681,457.71429538726807,1021
sub1,cornerTopLeft,0,54,48.57143020629883,37.14286422729492,44.26785945892334,33.30357265472412,731.7142953872681,457.71429538726807,1031
sub1,midTopLeft,50,55,389.1429138183594,250.2857208251953,395.4910898208618,253.00894260406497,731.7142953872681,457.71429538726807,827
sub1,midBottomRight,250,56,1069.71435546875,672.0,1067.9375009536743,662.4196786880493,731.7142953872681,457.71429538726807,1370
sub1,cornerTopRight,100,57,1432.000244140625,34.85714340209961,1419.1607675552368,33.30357265472412,731.7142953872681,457.71429538726807,1553
sub1,midBottomRight,200,58,1073.1429443359375,665.1428833007812,1067.9375009536743,662.4196786880493,731.7142953872681,457.71429538726807,1223
sub1,midBottomLeft,150,59,389.71429443359375,667.4285888671875,395.4910898208618,662.4196786880493,731.7142953872681,457.71429538726807,1051
sub1,midTopRight,0,60,1068.5716552734375,258.8571472167969,1067.9375009536743,253.00894260406497,731.7142953872681,457.71429538726807,750
sub1,midTopRight,50,61,1069.1429443359375,253.14288330078125,1067.9375009536743,253.00894260406497,731.7142953872681,457.71429538726807,833
sub1,cornerTopRight,250,62,1424.000244140625,38.85714340209961,1419.1607675552368,33.30357265472412,731.7142953872681,457.71429538726807,1557
sub1,cornerTopLeft,100,63,45.71428680419922,30.285715103149418,44.26785945892334,33.30357265472412,731.7142953872681,457.71429538726807,1546
sub1,cornerBottomRight,200,64,1424.000244140625,884.571533203125,1419.1607675552368,882.1250619888306,731.7142953872681,457.71429538726807,1748
sub1,midBottomLeft,150,65,390.2857666015625,661.1428833007812,395.4910898208618,662.4196786880493,731.7142953872681,457.71429538726807,1005
sub1,cornerBottomRight,0,66,1409.14306640625,872.571533203125,1419.1607675552368,882.1250619888306,731.7142953872681,457.71429538726807,1354
sub1,midBottomRight,50,67,1065.71435546875,664.0,1067.9375009536743,662.4196786880493,731.7142953872681,457.71429538726807,1043
sub1,cornerBottomRight,250,68,1424.000244140625,883.4285888671875,1419.1607675552368,882.1250619888306,731.7142953872681,457.71429538726807,1802
sub1,cornerBottomRight,100,69,1422.857177734375,878.2858276367188,1419.1607675552368,882.1250619888306,731.7142953872681,457.71429538726807,1459
sub1,midTopRight,200,70,1062.857177734375,260.57147216796875,1067.9375009536743,253.00894260406497,731.7142953872681,457.71429538726807,1044
sub1,cornerTopLeft,150,71,39.42857360839844,31.42857551574707,44.26785945892334,33.30357265472412,731.7142953872681,457.71429538726807,1292
sub1,cornerBottomLeft,0,72,48.57143020629883,889.1428833007812,44.26785945892334,882.1250619888306,731.7142953872681,457.71429538726807,1083
sub1,cornerBottomLeft,50,73,36.57143020629883,892.0001220703125,44.26785945892334,882.1250619888306,731.7142953872681,457.71429538726807,1347
sub1,midBottomLeft,250,74,395.4285888671875,666.2858276367188,395.4910898208618,662.4196786880493,731.7142953872681,457.71429538726807,1229
sub1,midBottomLeft,100,75,401.1429138183594,664.0,395.4910898208618,662.4196786880493,731.7142953872681,457.71429538726807,956
sub1,cornerTopRight,200,76,1421.14306640625,33.71428680419922,1419.1607675552368,33.30357265472412,731.7142953872681,457.71429538726807,1947
sub1,midTopLeft,150,77,397.71429443359375,253.71429443359375,395.4910898208618,253.00894260406497,731.7142953872681,457.71429538726807,985
sub1,cornerBottomRight,0,78,1413.71435546875,878.2858276367188,1419.1607675552368,882.1250619888306,731.7142953872681,457.71429538726807,1207
sub1,midTopRight,50,79,1065.1429443359375,252.00003051757812,1067.9375009536743,253.00894260406497,731.7142953872681,457.71429538726807,815
sub2,midBottomLeft,50,0,402.2857666015625,565.4285888671875,393.4107370376587,568.9732675552368,727.7142953872681,394.57144260406494,735
sub2,midBottomRight,100,1,1058.285888671875,579.1429443359375,1062.0179452896118,568.9732675552368,727.7142953872681,394.57144260406494,705
sub2,cornerTopLeft,0,2,45.14286422729492,30.571443557739254,44.107144355773926,30.776787757873535,727.7142953872681,394.57144260406494,555
sub2,cornerTopRight,150,3,1410.857177734375,28.857149124145508,1411.321534156799,30.776787757873535,727.7142953872681,394.57144260406494,853
sub2,cornerTopRight,250,4,1418.857177734375,25.42857551574707,1411.321534156799,30.776787757873535,727.7142953872681,394.57144260406494,1151
sub2,cornerTopRight,200,5,1416.000244140625,21.42857551574707,1411.321534156799,30.776787757873535,727.7142953872681,394.57144260406494,1244
sub2,cornerBottomRight,50,6,1426.857177734375,776.857177734375,1403.8929452896118,758.3660898208618,727.7142953872681,394.57144260406494,828
sub2,midTopLeft,100,7,392.00006103515625,211.1428985595703,393.4107370376587,220.1696481704712,727.7142953872681,394.57144260406494,665
sub2,midBottomRight,0,8,1072.5716552734375,580.2858276367188,1062.0179452896118,568.9732675552368,727.7142953872681,394.57144260406494,480
sub2,midBottomRight,150,9,1057.1429443359375,570.5714721679688,1062.0179452896118,568.9732675552368,727.7142953872681,394.57144260406494,538
sub2,midBottomRight,250,10,1073.71435546875,572.857177734375,1062.0179452896118,568.9732675552368,727.7142953872681,394.57144260406494,689
sub2,midBottomLeft,200,11,394.2857666015625,577.4285888671875,393.4107370376587,568.9732675552368,727.7142953872681,394.57144260406494,927
sub2,cornerBottomRight,50,12,1427.4285888671875,770.0001220703125,1411.321534156799,758.3660898208618,727.7142953872681,394.57144260406494,977
sub2,cornerTopRight,100,13,1407.4285888671875,33.42857360839844,1411.321534156799,30.776787757873535,727.7142953872681,394.57144260406494,983
sub2,cornerBottomLeft,0,14,52.57143020629883,751.1428833007812,44.107144355773926,758.3660898208618,727.7142953872681,394.57144260406494,841
sub2,cornerBottomLeft,150,15,40.00000762939453,760.2858276367188,44.107144355773926,758.3660898208618,727.7142953872681,394.57144260406494,985
sub2,cornerTopLeft,250,16,46.85714340209961,32.28572082519531,44.107144355773926,30.776787757873535,727.7142953872681,394.57144260406494,1122
sub2,cornerBottomLeft,200,17,38.85714340209961,756.857177734375,44.107144355773926,758.3660898208618,727.7142953872681,394.57144260406494,1253
sub2,midBottomLeft,50,18,393.71429443359375,569.4285888671875,393.4107370376587,568.9732675552368,727.7142953872681,394.57144260406494,697
sub2,midTopLeft,100,19,378.8571472167969,213.42860412597656,393.4107370376587,220.1696481704712,727.7142953872681,394.57144260406494,727
sub2,midBottomRight,0,20,1045.71435546875,569.4285888671875,1062.0179452896118,568.9732675552368,727.7142953872681,394.57144260406494,671
sub2,cornerTopLeft,150,21,30.85714340209961,27.14286231994629,44.107144355773926,30.776787757873535,727.7142953872681,394.57144260406494,923
sub2,cornerTopLeft,250,22,30.285717010498047,24.285722732543945,44.107144355773926,30.776787757873535,727.7142953872681,394.57144260406494,1121
sub2,midTopLeft,200,23,386.2857666015625,218.5714569091797,393.4107370376587,220.1696481704712,727.7142953872681,394.57144260406494,1001
sub2,midTopRight,50,24,1058.285888671875,220.2857360839844,1062.0179452896118,220.1696481704712,727.7142953872681,394.57144260406494,779
sub2,midBottomLeft,100,25,396.00006103515625,563.1429443359375,393.4107370376587,568.9732675552368,727.7142953872681,394.57144260406494,795
sub2,midBottomLeft,0,26,394.2857666015625,564.857177734375,393.4107370376587,568.9732675552368,727.7142953872681,394.57144260406494,637
sub2,midBottomLeft,150,27,392.00006103515625,571.1429443359375,393.4107370376587,568.9732675552368,727.7142953872681,394.57144260406494,887
sub2,cornerTopRight,250,28,1405.14306640625,29.42857551574707,1411.321534156799,30.776787757873535,727.7142953872681,394.57144260406494,2487
sub2,cornerBottomLeft,200,29,42.85714340209961,752.857177734375,44.107144355773926,758.3660898208618,727.7142953872681,394.57144260406494,1435
sub2,cornerTopLeft,50,30,45.71428680419922,31.714296340942383,44.107144355773926,30.776787757873535,727.7142953872681,394.57144260406494,841
sub2,cornerTopRight,100,31,1413.14306640625,23.714296340942383,1411.321534156799,30.776787757873535,727.7142953872681,394.57144260406494,1027
sub2,cornerBottomLeft,0,32,48.57143020629883,732.2858276367188,44.107144355773926,758.3660898208618,727.7142953872681,394.57144260406494,850
sub2,midTopLeft,150,33,378.8571472167969,202.00001525878903,393.4107370376587,220.1696481704712,727.7142953872681,394.57144260406494,668
sub2,midBottomRight,250,34,1059.4285888671875,569.4285888671875,1062.0179452896118,568.9732675552368,727.7142953872681,394.57144260406494,864
sub2,midTopRight,200,35,1061.1429443359375,211.1428985595703,1062.0179452896118,220.1696481704712,727.7142953872681,394.57144260406494,990
sub2,cornerBottomRight,50,36,1411.4285888671875,759.7142944335938,1411.321534156799,758.3660898208618,727.7142953872681,394.57144260406494,915
sub2,cornerBottomLeft,100,37,45.71428680419922,759.7142944335938,44.107144355773926,758.3660898208618,727.7142953872681,394.57144260406494,829
sub2,midTopRight,0,38,1060.0,225.42860412597656,1062.0179452896118,220.1696481704712,727.7142953872681,394.57144260406494,539
sub2,cornerTopRight,150,39,1424.5716552734375,26.000009536743164,1411.321534156799,30.776787757873535,727.7142953872681,394.57144260406494,1205
sub2,cornerBottomLeft,250,40,51.42857360839844,750.0001220703125,44.107144355773926,758.3660898208618,727.7142953872681,394.57144260406494,1308
sub2,cornerTopRight,200,41,1421.71435546875,28.285722732543945,1411.321534156799,30.776787757873535,727.7142953872681,394.57144260406494,1277
sub2,cornerBottomRight,50,42,1413.71435546875,754.571533203125,1411.321534156799,758.3660898208618,727.7142953872681,394.57144260406494,850
sub2,cornerTopLeft,100,43,42.85714340209961,36.28572082519531,44.107144355773926,30.776787757873535,727.7142953872681,394.57144260406494,1203
sub2,midTopLeft,0,44,379.4285888671875,220.2857360839844,393.4107370376587,220.1696481704712,727.7142953872681,394.57144260406494,539
sub2,cornerBottomRight,150,45,1413.71435546875,755.7142944335938,1411.321534156799,758.3660898208618,727.7142953872681,394.57144260406494,921
sub2,cornerBottomLeft,250,46,41.14286422729492,756.857177734375,44.107144355773926,758.3660898208618,727.7142953872681,394.57144260406494,1555
sub2,midTopRight,200,47,1062.285888671875,214.5714569091797,1062.0179452896118,220.1696481704712,727.7142953872681,394.57144260406494,856
sub2,midTopLeft,50,48,402.2857666015625,217.42860412597656,393.4107370376587,220.1696481704712,727.7142953872681,394.57144260406494,644
sub2,midTopRight,100,49,1049.71435546875,237.42860412597656,1062.0179452896118,220.1696481704712,727.7142953872681,394.57144260406494,721
sub2,midTopRight,0,50,1058.285888671875,226.5714569091797,1062.0179452896118,220.1696481704712,727.7142953872681,394.57144260406494,682
sub2,midBottomLeft,150,51,388.5714416503906,567.7142944335938,393.4107370376587,568.9732675552368,727.7142953872681,394.57144260406494,842
sub2,midBottomLeft,250,52,398.8571472167969,567.7142944335938,393.4107370376587,568.9732675552368,727.7142953872681,394.57144260406494,910
sub2,cornerBottomRight,200,53,1413.14306640625,755.7142944335938,1411.321534156799,758.3660898208618,727.7142953872681,394.57144260406494,1113
sub2,cornerBottomRight,50,54,1411.4285888671875,756.2858276367188,1411.321534156799,758.3660898208618,727.7142953872681,394.57144260406494,1098
sub2,midBottomLeft,100,55,386.8571472167969,563.7142944335938,393.4107370376587,568.9732675552368,727.7142953872681,394.57144260406494,1381
sub2,cornerBottomRight,0,56,1397.14306640625,764.857177734375,1411.321534156799,758.3660898208618,727.7142953872681,394.57144260406494,860
sub2,cornerTopLeft,150,57,52.57143020629883,32.857147216796875,44.107144355773926,30.776787757873535,727.7142953872681,394.57144260406494,1019
sub2,cornerTopLeft,250,58,30.285717010498047,31.14286994934082,44.107144355773926,30.776787757873535,727.7142953872681,394.57144260406494,1380
sub2,midTopRight,200,59,1054.857177734375,224.2857360839844,1062.0179452896118,220.1696481704712,727.7142953872681,394.57144260406494,1009
sub2,cornerTopLeft,50,60,61.71428680419922,41.42857360839844,44.107144355773926,30.776787757873535,727.7142953872681,394.57144260406494,855
sub2,midTopLeft,100,61,401.71429443359375,219.71429443359375,393.4107370376587,220.1696481704712,727.7142953872681,394.57144260406494,794
sub2,cornerTopRight,0,62,1405.71435546875,35.71429443359375,1411.321534156799,30.776787757873535,727.7142953872681,394.57144260406494,960
sub2,cornerBottomLeft,150,63,45.71428680419922,754.571533203125,44.107144355773926,758.3660898208618,727.7142953872681,394.57144260406494,1169
sub2,midTopLeft,250,64,388.5714416503906,219.1428985595703,393.4107370376587,220.1696481704712,727.7142953872681,394.57144260406494,1087
sub2,midTopRight,200,65,1058.857177734375,220.85714721679688,1062.0179452896118,220.1696481704712,727.7142953872681,394.57144260406494,1054
sub2,midTopLeft,50,66,392.5714416503906,212.85714721679688,393.4107370376587,220.1696481704712,727.7142953872681,394.57144260406494,1025
sub2,cornerTopRight,100,67,1409.14306640625,36.857147216796875,1411.321534156799,30.776787757873535,727.7142953872681,394.57144260406494,2028
sub2,cornerTopLeft,0,68,46.85714340209961,30.571443557739254,44.107144355773926,30.776787757873535,727.7142953872681,394.57144260406494,816
sub2,cornerBottomRight,150,69,1409.14306640625,758.0001220703125,1411.321534156799,758.3660898208618,727.7142953872681,394.57144260406494,1194
sub2,midBottomRight,250,70,1069.71435546875,575.1429443359375,1062.0179452896118,568.9732675552368,727.7142953872681,394.57144260406494,1043
sub2,midTopRight,200,71,1058.285888671875,228.85714721679688,1062.0179452896118,220.1696481704712,727.7142953872681,394.57144260406494,1057
sub2,midBottomLeft,50,72,388.5714416503906,572.857177734375,393.4107370376587,568.9732675552368,727.7142953872681,394.57144260406494,975
sub2,midBottomRight,100,73,1056.0,562.0,1062.0179452896118,568.9732675552368,727.7142953872681,394.57144260406494,891
sub2,midBottomRight,0,74,1068.5716552734375,573.4285888671875,1062.0179452896118,568.9732675552368,727.7142953872681,394.57144260406494,757
sub2,cornerBottomRight,150,75,1407.4285888671875,754.0001220703125,1411.321534156799,758.3660898208618,727.7142953872681,394.57144260406494,1050
sub2,cornerBottomLeft,250,76,46.85714340209961,752.2858276367188,44.107144355773926,758.3660898208618,727.7142953872681,394.57144260406494,1211
sub2,midTopLeft,200,77,416.00006103515625,211.1428985595703,393.4107370376587,220.1696481704712,727.7142953872681,394.57144260406494,683
sub2,midBottomRight,50,78,1072.0,572.857177734375,1062.0179452896118,568.9732675552368,727.7142953872681,394.57144260406494,668
sub2,midTopRight,100,79,1052.0,227.71429443359375,1062.0179452896118,220.1696481704712,727.7142953872681,394.57144260406494,663
sub3,cornerBottomLeft,100,0,24.000003814697266,759.7142944335938,44.107144355773926,758.3660898208618,727.7142953872681,394.57144260406494,1154
sub3,cornerTopRight,150,1,1409.14306640625,25.42857551574707,1411.321534156799,30.776787757873535,727.7142953872681,394.57144260406494,1279
sub3,midTopRight,50,2,1060.0,213.42860412597656,1062.0179452896118,220.1696481704712,727.7142953872681,394.57144260406494,689
sub3,cornerTopRight,200,3,1411.4285888671875,35.71429443359375,1411.321534156799,30.776787757873535,727.7142953872681,394.57144260406494,1997
sub3,cornerTopLeft,0,4,51.42857360839844,31.714296340942383,44.107144355773926,30.776787757873535,727.7142953872681,394.57144260406494,1010
sub3,cornerBottomLeft,250,5,30.85714340209961,770.571533203125,44.107144355773926,758.3660898208618,727.7142953872681,394.57144260406494,1544
sub3,cornerTopRight,100,6,1403.4285888671875,34.571441650390625,1411.321534156799,30.776787757873535,727.7142953872681,394.57144260406494,1068
sub3,cornerBottomRight,150,7,1421.71435546875,760.857177734375,1411.321534156799,758.3660898208618,727.7142953872681,394.57144260406494,1250
sub3,midTopLeft,50,8,395.4285888671875,213.42860412597656,393.4107370376587,220.1696481704712,727.7142953872681,394.57144260406494,934
sub3,midBottomRight,200,9,1061.71435546875,578.0,1062.0179452896118,568.9732675552368,727.7142953872681,394.57144260406494,1302
sub3,cornerTopLeft,0,10,52.00000762939453,31.714296340942383,44.107144355773926,30.776787757873535,727.7142953872681,394.57144260406494,932
sub3,cornerBottomRight,250,11,1417.14306640625,763.7142944335938,1411.321534156799,758.3660898208618,727.7142953872681,394.57144260406494,1389
sub3,cornerTopLeft,100,12,56.00000762939453,34.0,44.107144355773926,30.776787757873535,727.7142953872681,394.57144260406494,1163
sub3,midTopLeft,150,13,379.4285888671875,215.1428985595703,393.4107370376587,220.1696481704712,727.7142953872681,394.57144260406494,993
sub3,midBottomRight,50,14,1059.4285888671875,571.7142944335938,1062.0179452896118,568.9732675552368,727.7142953872681,394.57144260406494,1101
sub3,midTopRight,200,15,1062.285888671875,214.5714569091797,1062.0179452896118,220.1696481704712,727.7142953872681,394.57144260406494,1084
sub3,cornerBottomLeft,0,16,34.28571701049805,747.7142944335938,44.107144355773926,758.3660898208618,727.7142953872681,394.57144260406494,1016
sub3,cornerTopLeft,250,17,46.28572082519531,39.71429443359375,44.107144355773926,30.776787757873535,727.7142953872681,394.57144260406494,1430
sub3,cornerTopRight,100,18,1422.2857666015625,26.000009536743164,1411.321534156799,30.776787757873535,727.7142953872681,394.57144260406494,962
sub3,cornerBottomRight,150,19,1418.857177734375,764.857177734375,1411.321534156799,758.3660898208618,727.7142953872681,394.57144260406494,1204
sub3,cornerBottomRight,50,20,1416.5716552734375,763.7142944335938,1411.321534156799,758.3660898208618,727.7142953872681,394.57144260406494,979
sub3,midTopLeft,200,21,395.4285888671875,226.5714569091797,393.4107370376587,220.1696481704712,727.7142953872681,394.57144260406494,960
sub3,cornerTopRight,0,22,1407.4285888671875,39.14286804199219,1411.321534156799,30.776787757873535,727.7142953872681,394.57144260406494,873
sub3,midBottomRight,250,23,1056.0,571.7142944335938,1062.0179452896118,568.9732675552368,727.7142953872681,394.57144260406494,1001
sub3,midBottomRight,100,24,1056.0,567.7142944335938,1062.0179452896118,568.9732675552368,727.7142953872681,394.57144260406494,930
sub3,cornerTopLeft,150,25,30.285717010498047,24.857149124145508,44.107144355773926,30.776787757873535,727.7142953872681,394.57144260406494,1492
sub3,midTopLeft,50,26,398.8571472167969,227.71429443359375,393.4107370376587,220.1696481704712,727.7142953872681,394.57144260406494,903
sub3,midBottomLeft,200,27,389.71429443359375,565.4285888671875,393.4107370376587,568.9732675552368,727.7142953872681,394.57144260406494,1239
sub3,cornerBottomRight,0,28,1407.4285888671875,756.2858276367188,1411.321534156799,758.3660898208618,727.7142953872681,394.57144260406494,1140
sub3,cornerBottomLeft,250,29,50.85715103149414,749.4285888671875,44.107144355773926,758.3660898208618,727.7142953872681,394.57144260406494,1796
sub3,cornerBottomLeft,100,30,40.57143020629883,762.0001220703125,44.107144355773926,758.3660898208618,727.7142953872681,394.57144260406494,1340
sub3,midBottomLeft,150,31,382.8571472167969,567.7142944335938,393.4107370376587,568.9732675552368,727.7142953872681,394.57144260406494,1163
sub3,midBottomLeft,50,32,400.00006103515625,570.0,393.4107370376587,568.9732675552368,727.7142953872681,394.57144260406494,896
sub3,cornerTopRight,200,33,1410.857177734375,32.857147216796875,1411.321534156799,30.776787757873535,727.7142953872681,394.57144260406494,1748
sub3,cornerBottomRight,0,34,1403.4285888671875,758.571533203125,1411.321534156799,758.3660898208618,727.7142953872681,394.57144260406494,1195
sub3,cornerBottomRight,250,35,1412.5716552734375,758.0001220703125,1411.321534156799,758.3660898208618,727.7142953872681,394.57144260406494,2267
sub3,midTopLeft,100,36,393.1429138183594,223.71429443359375,393.4107370376587,220.1696481704712,727.7142953872681,394.57144260406494,1431
sub3,cornerTopLeft,150,37,29.71428680419922,24.285722732543945,44.107144355773926,30.776787757873535,727.7142953872681,394.57144260406494,1667
sub3,midTopRight,50,38,1066.285888671875,209.42860412597656,1062.0179452896118,220.1696481704712,727.7142953872681,394.57144260406494,910
sub3,midTopRight,200,39,790.857177734375,457.4285888671875,1062.0179452896118,220.1696481704712,789.1428842544556,456.2857370376587,172
sub3,midBottomLeft,0,40,402.2857666015625,560.857177734375,393.4107370376587,568.9732675552368,789.1428842544556,456.2857370376587,1840
sub3,midTopLeft,250,41,724.571533203125,387.71429443359375,393.4107370376587,220.1696481704712,727.7142953872681,394.57144260406494,1509
sub3,midBottomLeft,100,42,406.8571472167969,558.5714721679688,393.4107370376587,568.9732675552368,727.7142953872681,394.57144260406494,1052
sub3,cornerBottomRight,150,43,1412.5716552734375,763.7142944335938,1411.321534156799,758.3660898208618,727.7142953872681,394.57144260406494,1466
sub3,cornerBottomRight,50,44,1414.2857666015625,758.0001220703125,1411.321534156799,758.3660898208618,727.7142953872681,394.57144260406494,1482
sub3,cornerBottomLeft,200,45,41.71428680419922,764.2858276367188,44.107144355773926,758.3660898208618,727.7142953872681,394.57144260406494,1830
sub3,midTopLeft,0,46,395.4285888671875,218.5714569091797,393.4107370376587,220.1696481704712,727.7142953872681,394.57144260406494,1253
sub3,midTopRight,250,47,1058.285888671875,224.2857360839844,1062.0179452896118,220.1696481704712,727.7142953872681,394.57144260406494,1542
sub3,cornerBottomRight,100,48,1411.4285888671875,755.7142944335938,1411.321534156799,758.3660898208618,727.7142953872681,394.57144260406494,1535
sub3,cornerTopRight,150,49,1415.4285888671875,23.14286231994629,1411.321534156799,30.776787757873535,727.7142953872681,394.57144260406494,1519
sub3,midTopLeft,50,50,398.2857666015625,218.5714569091797,393.4107370376587,220.1696481704712,727.7142953872681,394.57144260406494,1345
sub3,midTopRight,200,51,1058.857177734375,213.42860412597656,1062.0179452896118,220.1696481704712,727.7142953872681,394.57144260406494,1278
sub3,midBottomRight,0,52,1061.71435546875,573.4285888671875,1062.0179452896118,568.9732675552368,727.7142953872681,394.57144260406494,866
sub3,cornerBottomLeft,250,53,60.000003814697266,754.0001220703125,44.107144355773926,758.3660898208618,727.7142953872681,394.57144260406494,1619
sub3,cornerBottomLeft,100,54,46.85714340209961,752.2858276367188,44.107144355773926,758.3660898208618,727.7142953872681,394.57144260406494,1699
sub3,cornerTopLeft,150,55,39.42857360839844,35.14286804199219,44.107144355773926,30.776787757873535,727.7142953872681,394.57144260406494,1486
sub3,midBottomRight,50,56,1066.857177734375,571.1429443359375,1062.0179452896118,568.9732675552368,727.7142953872681,394.57144260406494,966
sub3,cornerBottomLeft,200,57,47.42857360839844,763.7142944335938,44.107144355773926,758.3660898208618,727.7142953872681,394.57144260406494,1592
sub3,midTopRight,0,58,1054.285888671875,227.71429443359375,1062.0179452896118,220.1696481704712,727.7142953872681,394.57144260406494,814
sub3,cornerTopLeft,250,59,43.42857360839844,28.857149124145508,44.107144355773926,30.776787757873535,727.7142953872681,394.57144260406494,1584
sub3,cornerTopLeft,100,60,36.57143020629883,25.42857551574707,44.107144355773926,30.776787757873535,727.7142953872681,394.57144260406494,1401
sub3,midTopRight,150,61,1061.1429443359375,216.85714721679688,1062.0179452896118,220.1696481704712,727.7142953872681,394.57144260406494,1461
sub3,midTopRight,50,62,1061.71435546875,227.1428985595703,1062.0179452896118,220.1696481704712,727.7142953872681,394.57144260406494,1078
sub3,midBottomLeft,200,63,381.1429138183594,571.1429443359375,393.4107370376587,568.9732675552368,727.7142953872681,394.57144260406494,1158
sub3,cornerBottomLeft,0,64,48.57143020629883,762.0001220703125,44.107144355773926,758.3660898208618,727.7142953872681,394.57144260406494,1276
sub3,midTopLeft,250,65,401.71429443359375,216.85714721679688,393.4107370376587,220.1696481704712,727.7142953872681,394.57144260406494,1344
sub3,midBottomLeft,100,66,393.1429138183594,568.857177734375,393.4107370376587,568.9732675552368,727.7142953872681,394.57144260406494,1026
sub3,midTopLeft,150,67,397.71429443359375,216.2857360839844,393.4107370376587,220.1696481704712,727.7142953872681,394.57144260406494,1205
sub3,cornerTopRight,50,68,1406.2857666015625,37.42857360839844,1411.321534156799,30.776787757873535,727.7142953872681,394.57144260406494,1070
sub3,midBottomLeft,200,69,390.8571472167969,566.5714721679688,393.4107370376587,568.9732675552368,727.7142953872681,394.57144260406494,1185
sub3,midBottomRight,0,70,1054.857177734375,576.857177734375,1062.0179452896118,568.9732675552368,727.7142953872681,394.57144260406494,1269
sub3,midTopRight,250,71,1060.5716552734375,222.00001525878903,1062.0179452896118,220.1696481704712,727.7142953872681,394.57144260406494,1643
sub3,midBottomLeft,100,72,393.71429443359375,560.857177734375,393.4107370376587,568.9732675552368,727.7142953872681,394.57144260406494,1017
sub3,midBottomRight,150,73,1062.857177734375,567.7142944335938,1062.0179452896118,568.9732675552368,727.7142953872681,394.57144260406494,1360
sub3,midBottomRight,50,74,1056.5716552734375,569.4285888671875,1062.0179452896118,568.9732675552368,727.7142953872681,394.57144260406494,939
sub3,cornerTopRight,200,75,1412.000244140625,39.71429443359375,1411.321534156799,30.776787757873535,727.7142953872681,394.57144260406494,1645
sub3,midBottomLeft,0,76,393.1429138183594,568.2858276367188,393.4107370376587,568.9732675552368,727.7142953872681,394.57144260406494,909
sub3,cornerTopLeft,250,77,41.71428680419922,34.0,44.107144355773926,30.776787757873535,727.7142953872681,394.57144260406494,1746
sub3,midBottomRight,100,78,1048.0,568.857177734375,1062.0179452896118,568.9732675552368,727.7142953872681,394.57144260406494,1427
sub3,cornerTopRight,150,79,1425.14306640625,8.857147216796875,1411.321534156799,30.776787757873535,727.7142953872681,394.57144260406494,1593
sub4,cornerTopRight,150,0,1428.000244140625,29.42857551574707,1411.321534156799,30.937501907348633,727.7142953872681,398.57144260406494,2301
sub4,cornerTopLeft,200,1,48.00000762939453,34.0000114440918,44.107144355773926,30.937501907348633,727.7142953872681,398.57144260406494,5411
sub4,cornerBottomRight,100,2,1403.4285888671875,776.857177734375,1411.321534156799,766.2053842544556,727.7142953872681,398.57144260406494,1953
sub4,cornerBottomLeft,250,3,39.42857360839844,771.7142944335938,44.107144355773926,766.2053842544556,727.7142953872681,398.57144260406494,2236
sub4,cornerBottomRight,50,4,1418.2857666015625,776.2858276367188,1411.321534156799,766.2053842544556,727.7142953872681,398.57144260406494,1703
sub4,cornerTopLeft,0,5,43.42857360839844,26.571434020996097,44.107144355773926,30.937501907348633,727.7142953872681,398.57144260406494,1632
sub4,midTopRight,150,6,1064.0,220.85714721679688,1062.0179452896118,222.25001621246335,727.7142953872681,398.57144260406494,1104
sub4,cornerTopRight,200,7,1421.71435546875,30.000009536743164,1411.321534156799,30.937501907348633,727.7142953872681,398.57144260406494,2046
sub4,cornerTopLeft,100,8,44.00000762939453,29.42857551574707,44.107144355773926,30.937501907348633,727.7142953872681,398.57144260406494,1847
sub4,midBottomLeft,250,9,390.8571472167969,587.1428833007812,393.4107370376587,574.8928842544556,727.7142953872681,398.57144260406494,1401
sub4,cornerBottomLeft,50,10,46.28572082519531,768.857177734375,44.107144355773926,766.2053842544556,727.7142953872681,398.57144260406494,1490
sub4,midBottomRight,0,11,1057.1429443359375,575.1429443359375,1062.0179452896118,574.8928842544556,727.7142953872681,398.57144260406494,1079
sub4,midTopRight,150,12,1062.285888671875,223.71429443359375,1062.0179452896118,222.25001621246335,727.7142953872681,398.57144260406494,1132
sub4,cornerTopRight,200,13,1422.857177734375,25.42857551574707,1411.321534156799,30.937501907348633,727.7142953872681,398.57144260406494,1959
sub4,cornerBottomLeft,100,14,45.71428680419922,763.1428833007812,44.107144355773926,766.2053842544556,727.7142953872681,398.57144260406494,1809
sub4,midBottomRight,250,15,1062.285888671875,583.1429443359375,1062.0179452896118,574.8928842544556,727.7142953872681,398.57144260406494,1356
sub4,midBottomLeft,50,16,401.1429138183594,566.5714721679688,393.4107370376587,574.8928842544556,727.7142953872681,398.57144260406494,804
sub4,midBottomLeft,0,17,393.1429138183594,575.7142944335938,393.4107370376587,574.8928842544556,727.7142953872681,398.57144260406494,600
sub4,midTopLeft,150,18,388.5714416503906,226.5714569091797,393.4107370376587,222.25001621246335,727.7142953872681,398.57144260406494,953
sub4,midBottomLeft,200,19,387.4285888671875,574.5714721679688,393.4107370376587,574.8928842544556,727.7142953872681,398.57144260406494,887
sub4,cornerBottomRight,100,20,1406.857177734375,780.2858276367188,1411.321534156799,766.2053842544556,727.7142953872681,398.57144260406494,1228
sub4,midBottomLeft,250,21,389.1429138183594,583.1429443359375,393.4107370376587,574.8928842544556,727.7142953872681,398.57144260406494,1092
sub4,cornerBottomLeft,50,22,41.71428680419922,759.1428833007812,44.107144355773926,766.2053842544556,727.7142953872681,398.57144260406494,1194
sub4,cornerTopRight,0,23,1424.5716552734375,19.14286231994629,1411.321534156799,30.937501907348633,727.7142953872681,398.57144260406494,1649
sub4,midTopLeft,150,24,391.4285888671875,226.5714569091797,393.4107370376587,222.25001621246335,727.7142953872681,398.57144260406494,1157
sub4,midTopRight,200,25,1064.0,225.42860412597656,1062.0179452896118,222.25001621246335,727.7142953872681,398.57144260406494,957
sub4,midTopRight,100,26,1058.285888671875,222.5714569091797,1062.0179452896118,222.25001621246335,727.7142953872681,398.57144260406494,734
sub4,cornerBottomLeft,250,27,43.42857360839844,764.857177734375,44.107144355773926,766.2053842544556,727.7142953872681,398.57144260406494,1392
sub4,midBottomLeft,50,28,383.4285888671875,580.2858276367188,393.4107370376587,574.8928842544556,727.7142953872681,398.57144260406494,670
sub4,midBottomRight,0,29,1048.5716552734375,578.0,1062.0179452896118,574.8928842544556,727.7142953872681,398.57144260406494,1760
sub4,midTopLeft,150,30,392.5714416503906,220.85714721679688,393.4107370376587,222.25001621246335,727.7142953872681,398.57144260406494,856
sub4,cornerBottomLeft,200,31,39.42857360839844,768.2858276367188,44.107144355773926,766.2053842544556,727.7142953872681,398.57144260406494,1292
sub4,cornerTopLeft,100,32,30.85714340209961,26.571434020996097,44.107144355773926,30.937501907348633,727.7142953872681,398.57144260406494,1249
sub4,midBottomRight,250,33,1058.285888671875,581.4285888671875,1062.0179452896118,574.8928842544556,727.7142953872681,398.57144260406494,1196
sub4,midBottomLeft,50,34,400.00006103515625,570.5714721679688,393.4107370376587,574.8928842544556,727.7142953872681,398.57144260406494,791
sub4,midTopLeft,0,35,392.5714416503906,217.42860412597656,393.4107370376587,222.25001621246335,727.7142953872681,398.57144260406494,807
sub4,cornerTopLeft,150,36,36.0,25.42857551574707,44.107144355773926,30.937501907348633,727.7142953872681,398.57144260406494,1454
sub4,cornerBottomRight,200,37,1406.857177734375,773.4285888671875,1411.321534156799,766.2053842544556,727.7142953872681,398.57144260406494,1842
sub4,midBottomLeft,100,38,387.4285888671875,588.2858276367188,393.4107370376587,574.8928842544556,727.7142953872681,398.57144260406494,934
sub4,midTopLeft,250,39,386.8571472167969,216.2857360839844,393.4107370376587,222.25001621246335,727.7142953872681,398.57144260406494,1044
sub4,midTopLeft,50,40,383.4285888671875,216.2857360839844,393.4107370376587,222.25001621246335,727.7142953872681,398.57144260406494,897
sub4,cornerTopLeft,0,41,46.85714340209961,30.000009536743164,44.107144355773926,30.937501907348633,727.7142953872681,398.57144260406494,1048
sub4,cornerTopRight,150,42,1422.2857666015625,35.14286422729492,1411.321534156799,30.937501907348633,727.7142953872681,398.57144260406494,1405
sub4,midTopRight,200,43,1068.0,223.71429443359375,1062.0179452896118,222.25001621246335,727.7142953872681,398.57144260406494,835
sub4,cornerBottomRight,100,44,1418.2857666015625,783.7142944335938,1403.8929452896118,766.2053842544556,727.7142953872681,398.57144260406494,1026
sub4,midTopRight,250,45,1073.1429443359375,214.5714569091797,1062.0179452896118,222.25001621246335,727.7142953872681,398.57144260406494,873
sub4,midBottomRight,50,46,1059.4285888671875,571.7142944335938,1062.0179452896118,574.8928842544556,727.7142953872681,398.57144260406494,781
sub4,midBottomRight,0,47,1057.71435546875,568.857177734375,1062.0179452896118,574.8928842544556,727.7142953872681,398.57144260406494,585
sub4,midTopLeft,150,48,385.1429138183594,223.1428985595703,393.4107370376587,222.25001621246335,727.7142953872681,398.57144260406494,969
sub4,cornerTopLeft,200,49,29.71428680419922,39.14286804199219,44.107144355773926,30.937501907348633,727.7142953872681,398.57144260406494,1294
sub4,cornerBottomRight,100,50,1422.2857666015625,778.571533203125,1411.321534156799,766.2053842544556,727.7142953872681,398.57144260406494,1184
sub4,midTopRight,250,51,1044.0,224.2857360839844,1062.0179452896118,222.25001621246335,727.7142953872681,398.57144260406494,958
sub4,cornerTopLeft,50,52,46.28572082519531,26.000009536743164,44.107144355773926,30.937501907348633,727.7142953872681,398.57144260406494,1056
sub4,midBottomRight,0,53,1065.1429443359375,568.2858276367188,1062.0179452896118,574.8928842544556,727.7142953872681,398.57144260406494,758
sub4,midBottomRight,150,54,1064.5716552734375,571.7142944335938,1062.0179452896118,574.8928842544556,727.7142953872681,398.57144260406494,901
sub4,midTopRight,200,55,1063.4285888671875,223.71429443359375,1062.0179452896118,222.25001621246335,727.7142953872681,398.57144260406494,924
sub4,cornerBottomRight,100,56,1409.71435546875,758.0001220703125,1411.321534156799,766.2053842544556,727.7142953872681,398.57144260406494,1498
sub4,cornerBottomLeft,250,57,45.14286422729492,760.857177734375,44.107144355773926,766.2053842544556,727.7142953872681,398.57144260406494,1400
sub4,cornerBottomRight,50,58,1422.2857666015625,770.0001220703125,1411.321534156799,766.2053842544556,727.7142953872681,398.57144260406494,1095
sub4,midTopRight,0,59,1061.1429443359375,219.71429443359375,1062.0179452896118,222.25001621246335,727.7142953872681,398.57144260406494,857
sub4,midBottomLeft,150,60,394.2857666015625,575.7142944335938,393.4107370376587,574.8928842544556,727.7142953872681,398.57144260406494,991
sub4,cornerTopRight,200,61,1409.71435546875,28.285722732543945,1411.321534156799,30.937501907348633,727.7142953872681,398.57144260406494,1549
sub4,midTopLeft,100,62,393.71429443359375,219.1428985595703,393.4107370376587,222.25001621246335,727.7142953872681,398.57144260406494,947
sub4,cornerBottomLeft,250,63,44.57143020629883,760.857177734375,44.107144355773926,766.2053842544556,727.7142953872681,398.57144260406494,1300
sub4,cornerBottomLeft,50,64,40.57143020629883,762.571533203125,44.107144355773926,766.2053842544556,727.7142953872681,398.57144260406494,877
sub4,cornerTopRight,0,65,1419.4285888671875,27.14286231994629,1411.321534156799,30.937501907348633,727.7142953872681,398.57144260406494,1142
sub4,midBottomRight,150,66,1068.0,575.7142944335938,1062.0179452896118,574.8928842544556,727.7142953872681,398.57144260406494,1048
sub4,cornerTopLeft,200,67,36.57143020629883,32.28572082519531,44.107144355773926,30.937501907348633,727.7142953872681,398.57144260406494,1489
sub4,cornerTopLeft,100,68,37.14286422729492,20.285720825195312,44.107144355773926,30.937501907348633,727.7142953872681,398.57144260406494,1201
sub4,cornerBottomLeft,250,69,45.14286422729492,762.571533203125,44.107144355773926,766.2053842544556,727.7142953872681,398.57144260406494,1332
sub4,midTopRight,50,70,1054.285888671875,218.5714569091797,1062.0179452896118,222.25001621246335,727.7142953872681,398.57144260406494,834
sub4,cornerBottomRight,0,71,1415.4285888671875,756.2858276367188,1411.321534156799,766.2053842544556,727.7142953872681,398.57144260406494,933
sub4,midBottomLeft,150,72,385.1429138183594,574.5714721679688,393.4107370376587,574.8928842544556,727.7142953872681,398.57144260406494,867
sub4,cornerTopRight,200,73,1415.4285888671875,26.571434020996097,1411.321534156799,30.937501907348633,727.7142953872681,398.57144260406494,1535
sub4,midTopLeft,100,74,397.71429443359375,220.85714721679688,393.4107370376587,222.25001621246335,727.7142953872681,398.57144260406494,948
sub4,midBottomRight,250,75,1062.285888671875,577.4285888671875,1062.0179452896118,574.8928842544556,727.7142953872681,398.57144260406494,2394
sub4,midTopLeft,50,76,401.1429138183594,228.85714721679688,393.4107370376587,222.25001621246335,727.7142953872681,398.57144260406494,580
sub4,cornerTopRight,0,77,1414.2857666015625,27.714296340942383,1411.321534156799,30.937501907348633,727.7142953872681,398.57144260406494,933
sub4,cornerTopRight,150,78,1426.2857666015625,23.14286231994629,1411.321534156799,30.937501907348633,727.7142953872681,398.57144260406494,1380
sub4,cornerBottomRight,200,79,1411.4285888671875,774.0001220703125,1411.321534156799,766.2053842544556,727.7142953872681,398.57144260406494,1573
sub5,cornerBottomLeft,200,0,37.71428680419922,766.0001220703125,44.107144355773926,766.2053842544556,727.7142953872681,398.57144260406494,1966
sub5,midTopRight,250,1,1065.1429443359375,220.85714721679688,1062.0179452896118,222.25001621246335,727.7142953872681,398.57144260406494,1748
sub5,cornerBottomRight,150,2,1419.4285888671875,782.571533203125,1403.8929452896118,766.2053842544556,727.7142953872681,398.57144260406494,2213
sub5,cornerTopRight,0,3,1394.857177734375,41.42857360839844,1411.321534156799,30.937501907348633,727.7142953872681,398.57144260406494,1335
sub5,midTopRight,100,4,1074.857177734375,221.42860412597656,1062.0179452896118,222.25001621246335,727.7142953872681,398.57144260406494,1198
sub5,midTopLeft,50,5,397.71429443359375,227.1428985595703,393.4107370376587,222.25001621246335,727.7142953872681,398.57144260406494,828
sub5,cornerTopLeft,200,6,44.00000762939453,18.00000762939453,44.107144355773926,30.937501907348633,727.7142953872681,398.57144260406494,1347
sub5,midTopRight,250,7,1061.1429443359375,218.5714569091797,1062.0179452896118,222.25001621246335,727.7142953872681,398.57144260406494,1057
sub5,cornerBottomLeft,150,8,33.71428680419922,758.0001220703125,44.107144355773926,766.2053842544556,727.7142953872681,398.57144260406494,1671
sub5,midTopLeft,0,9,392.5714416503906,226.5714569091797,393.4107370376587,222.25001621246335,727.7142953872681,398.57144260406494,1152
sub5,cornerTopRight,100,10,1393.14306640625,55.14286804199219,1411.321534156799,30.937501907348633,727.7142953872681,398.57144260406494,1391
sub5,cornerTopLeft,50,11,42.85714340209961,32.28572082519531,44.107144355773926,30.937501907348633,727.7142953872681,398.57144260406494,1286
sub5,midBottomRight,200,12,1062.285888671875,575.7142944335938,1062.0179452896118,574.8928842544556,727.7142953872681,398.57144260406494,967
sub5,cornerTopRight,250,13,1174.2857666015625,236.85714721679688,1411.321534156799,30.937501907348633,727.7142953872681,398.57144260406494,987
sub5,midBottomLeft,150,14,399.4285888671875,562.5714721679688,393.4107370376587,574.8928842544556,727.7142953872681,398.57144260406494,1543
sub5,midBottomRight,0,15,1063.4285888671875,573.4285888671875,1062.0179452896118,574.8928842544556,727.7142953872681,398.57144260406494,1292
sub5,midTopLeft,100,16,398.2857666015625,215.71429443359375,393.4107370376587,222.25001621246335,727.7142953872681,398.57144260406494,1300
sub5,midBottomLeft,50,17,392.00006103515625,573.4285888671875,393.4107370376587,574.8928842544556,727.7142953872681,398.57144260406494,1175
sub5,midBottomLeft,200,18,356.5714416503906,575.1429443359375,393.4107370376587,574.8928842544556,727.7142953872681,398.57144260406494,1433
sub5,midBottomLeft,250,19,395.4285888671875,575.1429443359375,393.4107370376587,574.8928842544556,727.7142953872681,398.57144260406494,3204
sub5,cornerTopLeft,150,20,44.00000762939453,28.857149124145508,44.107144355773926,30.937501907348633,727.7142953872681,398.57144260406494,1937
sub5,midTopRight,0,21,1060.5716552734375,232.85714721679688,1062.0179452896118,222.25001621246335,727.7142953872681,398.57144260406494,1295
sub5,midTopRight,100,22,1061.71435546875,223.71429443359375,1062.0179452896118,222.25001621246335,727.7142953872681,398.57144260406494,1252
sub5,midTopRight,50,23,1065.1429443359375,217.42860412597656,1062.0179452896118,222.25001621246335,727.7142953872681,398.57144260406494,973
sub5,midTopLeft,200,24,394.2857666015625,215.71429443359375,393.4107370376587,222.25001621246335,727.7142953872681,398.57144260406494,1521
sub5,midBottomRight,250,25,1024.0,460.8572082519531,1062.0179452896118,574.8928842544556,727.7142953872681,398.57144260406494,868
sub5,midTopRight,150,26,1068.5716552734375,222.00001525878903,1062.0179452896118,222.25001621246335,727.7142953872681,398.57144260406494,1616
sub5,midBottomLeft,0,27,399.4285888671875,573.4285888671875,393.4107370376587,574.8928842544556,727.7142953872681,398.57144260406494,1427
sub5,midBottomRight,100,28,1062.285888671875,584.857177734375,1062.0179452896118,574.8928842544556,727.7142953872681,398.57144260406494,1487
sub5,cornerBottomLeft,50,29,37.14286422729492,766.571533203125,44.107144355773926,766.2053842544556,727.7142953872681,398.57144260406494,1533
sub5,midTopLeft,200,30,401.71429443359375,216.85714721679688,393.4107370376587,222.25001621246335,727.7142953872681,398.57144260406494,1597
sub5,midTopLeft,250,31,397.1429138183594,227.1428985595703,393.4107370376587,222.25001621246335,727.7142953872681,398.57144260406494,1404
sub5,cornerTopRight,150,32,1406.2857666015625,41.42857360839844,1411.321534156799,30.937501907348633,727.7142953872681,398.57144260406494,1714
sub5,cornerTopLeft,0,33,44.00000762939453,37.42857360839844,44.107144355773926,30.937501907348633,727.7142953872681,398.57144260406494,1235
sub5,midBottomLeft,100,34,398.2857666015625,561.4285888671875,393.4107370376587,574.8928842544556,727.7142953872681,398.57144260406494,1011
sub5,midTopRight,50,35,1053.71435546875,223.71429443359375,1062.0179452896118,222.25001621246335,727.7142953872681,398.57144260406494,934
sub5,midBottomRight,200,36,1060.5716552734375,578.0,1062.0179452896118,574.8928842544556,727.7142953872681,398.57144260406494,1526
sub5,cornerTopLeft,250,37,39.42857360839844,38.0,44.107144355773926,30.937501907348633,727.7142953872681,398.57144260406494,2001
sub5,cornerBottomLeft,150,38,19.428571701049805,771.1428833007812,44.107144355773926,766.2053842544556,727.7142953872681,398.57144260406494,1501
sub5,midTopLeft,0,39,394.2857666015625,227.1428985595703,393.4107370376587,222.25001621246335,727.7142953872681,398.57144260406494,1075
sub5,cornerTopLeft,100,40,45.71428680419922,51.714298248291016,44.107144355773926,30.937501907348633,727.7142953872681,398.57144260406494,1254
sub5,cornerBottomLeft,50,41,50.85715103149414,751.1428833007812,44.107144355773926,766.2053842544556,727.7142953872681,398.57144260406494,1381
sub5,cornerTopRight,200,42,1418.857177734375,31.714296340942383,1411.321534156799,30.937501907348633,727.7142953872681,398.57144260406494,2043
sub5,midTopLeft,250,43,398.8571472167969,219.1428985595703,393.4107370376587,222.25001621246335,727.7142953872681,398.57144260406494,1336
sub5,cornerBottomLeft,150,44,38.85714340209961,766.0001220703125,44.107144355773926,766.2053842544556,727.7142953872681,398.57144260406494,1408
sub5,cornerTopLeft,0,45,45.14286422729492,47.14286804199219,44.107144355773926,30.937501907348633,727.7142953872681,398.57144260406494,1260
sub5,cornerTopLeft,100,46,40.57143020629883,34.0000114440918,44.107144355773926,30.937501907348633,727.7142953872681,398.57144260406494,1399
sub5,cornerBottomRight,50,47,1409.71435546875,764.2858276367188,1411.321534156799,766.2053842544556,727.7142953872681,398.57144260406494,1359
sub5,cornerBottomRight,200,48,1422.857177734375,781.4285888671875,1411.321534156799,766.2053842544556,727.7142953872681,398.57144260406494,1524
sub5,cornerBottomRight,250,49,1404.5716552734375,766.0001220703125,1411.321534156799,766.2053842544556,727.7142953872681,398.57144260406494,1848
sub5,midTopLeft,150,50,392.5714416503906,223.71429443359375,393.4107370376587,222.25001621246335,727.7142953872681,398.57144260406494,1000
sub5,cornerBottomRight,0,51,1411.4285888671875,765.4285888671875,1411.321534156799,766.2053842544556,727.7142953872681,398.57144260406494,1361
sub5,cornerTopRight,100,52,1418.857177734375,34.0000114440918,1411.321534156799,30.937501907348633,727.7142953872681,398.57144260406494,1408
sub5,midBottomRight,50,53,1069.71435546875,579.7142944335938,1062.0179452896118,574.8928842544556,727.7142953872681,398.57144260406494,1005
sub5,midBottomRight,200,54,1062.285888671875,578.0,1062.0179452896118,574.8928842544556,727.7142953872681,398.57144260406494,1298
sub5,cornerBottomRight,250,55,1411.4285888671875,779.1428833007812,1411.321534156799,766.2053842544556,727.7142953872681,398.57144260406494,1614
sub5,midTopLeft,150,56,392.5714416503906,218.00001525878903,393.4107370376587,222.25001621246335,727.7142953872681,398.57144260406494,1215
sub5,cornerBottomLeft,0,57,49.71428680419922,760.857177734375,44.107144355773926,766.2053842544556,727.7142953872681,398.57144260406494,1128
sub5,cornerBottomLeft,100,58,33.71428680419922,763.7142944335938,44.107144355773926,766.2053842544556,727.7142953872681,398.57144260406494,1751
sub5,midBottomLeft,50,59,388.00006103515625,567.7142944335938,393.4107370376587,574.8928842544556,727.7142953872681,398.57144260406494,959
sub5,cornerTopRight,200,60,1414.857177734375,20.857147216796875,1411.321534156799,30.937501907348633,727.7142953872681,398.57144260406494,1523
sub5,midTopRight,250,61,1065.71435546875,216.2857360839844,1062.0179452896118,222.25001621246335,727.7142953872681,398.57144260406494,1692
sub5,cornerTopRight,150,62,1415.4285888671875,32.857147216796875,1411.321534156799,30.937501907348633,727.7142953872681,398.57144260406494,1881
sub5,cornerTopRight,0,63,1411.4285888671875,39.71429443359375,1411.321534156799,30.937501907348633,727.7142953872681,398.57144260406494,1314
sub5,cornerTopLeft,100,64,38.28572082519531,30.571434020996097,44.107144355773926,30.937501907348633,727.7142953872681,398.57144260406494,2049
sub5,cornerBottomRight,50,65,1413.14306640625,768.2858276367188,1411.321534156799,766.2053842544556,727.7142953872681,398.57144260406494,1359
sub5,cornerTopRight,200,66,1409.71435546875,30.000009536743164,1411.321534156799,30.937501907348633,727.7142953872681,398.57144260406494,2479
sub5,midBottomRight,250,67,1062.285888671875,569.4285888671875,1062.0179452896118,574.8928842544556,727.7142953872681,398.57144260406494,2433
sub5,midBottomLeft,150,68,390.2857666015625,566.5714721679688,393.4107370376587,574.8928842544556,727.7142953872681,398.57144260406494,1865
sub5,cornerBottomRight,0,69,1413.71435546875,761.4285888671875,1411.321534156799,766.2053842544556,727.7142953872681,398.57144260406494,1891
sub5,midTopRight,100,70,1064.5716552734375,211.1428985595703,1062.0179452896118,222.25001621246335,727.7142953872681,398.57144260406494,2098
sub5,cornerBottomLeft,50,71,37.14286422729492,771.1428833007812,44.107144355773926,766.2053842544556,727.7142953872681,398.57144260406494,1545
sub5,cornerTopLeft,200,72,40.00000762939453,27.714296340942383,44.107144355773926,30.937501907348633,727.7142953872681,398.57144260406494,2084
sub5,midBottomLeft,250,73,392.00006103515625,566.5714721679688,393.4107370376587,574.8928842544556,727.7142953872681,398.57144260406494,2055
sub5,cornerBottomLeft,150,74,42.28572082519531,768.857177734375,44.107144355773926,766.2053842544556,727.7142953872681,398.57144260406494,2284
sub5,cornerBottomRight,0,75,1417.14306640625,762.0001220703125,1411.321534156799,766.2053842544556,727.7142953872681,398.57144260406494,1245
sub5,midBottomRight,100,76,1061.1429443359375,575.1429443359375,1062.0179452896118,574.8928842544556,727.7142953872681,398.57144260406494,1105
sub5,cornerBottomRight,50,77,1411.4285888671875,767.7142944335938,1411.321534156799,766.2053842544556,727.7142953872681,398.57144260406494,1318
sub5,midBottomRight,200,78,1061.71435546875,593.4285888671875,1062.0179452896118,574.8928842544556,727.7142953872681,398.57144260406494,1366
sub5,midBottomLeft,250,79,394.2857666015625,563.7142944335938,393.4107370376587,574.8928842544556,727.7142953872681,398.57144260406494,2279
sub6,cornerTopLeft,250,0,50.85714340209961,22.285715103149418,44.26785945892334,33.30357265472412,731.7142953872681,457.71429538726807,2129
sub6,cornerBottomRight,0,1,1419.4285888671875,884.0001220703125,1419.1607675552368,882.1250619888306,731.7142953872681,457.71429538726807,1233
sub6,midTopRight,200,2,1080.5716552734375,248.5714569091797,1067.9375009536743,253.00894260406497,731.7142953872681,457.71429538726807,901
sub6,cornerBottomLeft,50,3,33.14286422729492,895.4285888671875,44.26785945892334,882.1250619888306,731.7142953872681,457.71429538726807,1599
sub6,cornerBottomLeft,150,4,22.285715103149418,901.7144165039062,36.839287757873535,882.1250619888306,731.7142953872681,457.71429538726807,1688
sub6,midBottomLeft,100,5,381.71429443359375,672.0,395.4910898208618,662.4196786880493,731.7142953872681,457.71429538726807,1201
sub6,cornerBottomRight,250,6,1436.000244140625,908.571533203125,1411.732178688049,882.1250619888306,731.7142953872681,457.71429538726807,2015
sub6,midTopLeft,0,7,400.5714416503906,253.71429443359375,395.4910898208618,253.00894260406497,731.7142953872681,457.71429538726807,1145
sub6,midTopRight,200,8,1069.71435546875,250.85714721679688,1067.9375009536743,253.00894260406497,731.7142953872681,457.71429538726807,2150
sub6,cornerTopLeft,50,9,48.57143020629883,35.42857360839844,44.26785945892334,33.30357265472412,731.7142953872681,457.71429538726807,1535
sub6,cornerTopRight,150,10,1415.4285888671875,32.0,1419.1607675552368,33.30357265472412,731.7142953872681,457.71429538726807,1538
sub6,cornerBottomLeft,100,11,40.0,890.2858276367188,44.26785945892334,882.1250619888306,731.7142953872681,457.71429538726807,1216
sub6,cornerTopRight,250,12,1462.2857666015625,0.0,1411.732178688049,33.30357265472412,731.7142953872681,457.71429538726807,1296
sub6,cornerTopRight,0,13,1424.5716552734375,40.0,1419.1607675552368,33.30357265472412,731.7142953872681,457.71429538726807,1253
sub6,midBottomRight,200,14,1068.0,667.4285888671875,1067.9375009536743,662.4196786880493,731.7142953872681,457.71429538726807,1391
sub6,cornerTopLeft,50,15,42.85714340209961,24.000003814697266,44.26785945892334,33.30357265472412,731.7142953872681,457.71429538726807,1380
sub6,midTopRight,150,16,1088.0,246.85714721679688,1067.9375009536743,253.00894260406497,731.7142953872681,457.71429538726807,1204
sub6,cornerTopLeft,100,17,44.57143020629883,31.42857551574707,44.26785945892334,33.30357265472412,731.7142953872681,457.71429538726807,1509
sub6,cornerBottomRight,250,18,1443.4285888671875,896.571533203125,1419.1607675552368,882.1250619888306,731.7142953872681,457.71429538726807,2221
sub6,midBottomRight,0,19,1072.5716552734375,662.857177734375,1067.9375009536743,662.4196786880493,731.7142953872681,457.71429538726807,791
sub6,cornerBottomLeft,200,20,0.0,913.7144165039062,36.839287757873535,882.1250619888306,731.7142953872681,457.71429538726807,1518
sub6,midTopLeft,50,21,392.00006103515625,247.42860412597656,395.4910898208618,253.00894260406497,731.7142953872681,457.71429538726807,947
sub6,cornerTopRight,150,22,1438.857177734375,22.285715103149418,1419.1607675552368,33.30357265472412,731.7142953872681,457.71429538726807,1514
sub6,midBottomRight,100,23,1064.5716552734375,671.4285888671875,1067.9375009536743,662.4196786880493,731.7142953872681,457.71429538726807,1284
sub6,cornerTopLeft,250,24,25.71428680419922,21.71428680419922,44.26785945892334,33.30357265472412,731.7142953872681,457.71429538726807,2313
sub6,midBottomLeft,0,25,384.5714416503906,674.857177734375,395.4910898208618,662.4196786880493,731.7142953872681,457.71429538726807,787
sub6,midBottomLeft,200,26,392.00006103515625,666.857177734375,395.4910898208618,662.4196786880493,731.7142953872681,457.71429538726807,1152
sub6,midBottomRight,50,27,1068.0,664.571533203125,1067.9375009536743,662.4196786880493,731.7142953872681,457.71429538726807,839
sub6,cornerTopRight,150,28,1433.71435546875,26.285715103149418,1419.1607675552368,33.30357265472412,731.7142953872681,457.71429538726807,1704
sub6,midBottomLeft,100,29,386.8571472167969,670.2858276367188,395.4910898208618,662.4196786880493,731.7142953872681,457.71429538726807,1081
sub6,midTopLeft,250,30,384.00006103515625,239.42860412597656,395.4910898208618,253.00894260406497,731.7142953872681,457.71429538726807,1370
sub6,cornerTopRight,0,31,1426.857177734375,37.71428680419922,1419.1607675552368,33.30357265472412,731.7142953872681,457.71429538726807,1274
sub6,midBottomRight,200,32,1093.71435546875,689.1428833007812,1067.9375009536743,662.4196786880493,731.7142953872681,457.71429538726807,941
sub6,midTopRight,50,33,1081.1429443359375,251.42860412597656,1067.9375009536743,253.00894260406497,731.7142953872681,457.71429538726807,676
sub6,cornerBottomRight,150,34,1422.2857666015625,898.857177734375,1419.1607675552368,882.1250619888306,731.7142953872681,457.71429538726807,2086
sub6,cornerTopLeft,100,35,48.00000762939453,26.285715103149418,44.26785945892334,33.30357265472412,731.7142953872681,457.71429538726807,2731
sub6,midTopLeft,250,36,377.1429138183594,236.5714569091797,395.4910898208618,253.00894260406497,731.7142953872681,457.71429538726807,1067
sub6,midTopRight,0,37,1048.0,264.0,1067.9375009536743,253.00894260406497,731.7142953872681,457.71429538726807,701
sub6,midTopRight,200,38,1094.285888671875,245.14288330078125,1067.9375009536743,253.00894260406497,731.7142953872681,457.71429538726807,1140
sub6,midTopRight,50,39,1073.1429443359375,252.5714569091797,1067.9375009536743,253.00894260406497,731.7142953872681,457.71429538726807,882
sub6,cornerTopLeft,150,40,37.71428680419922,21.71428680419922,44.26785945892334,33.30357265472412,731.7142953872681,457.71429538726807,1822
sub6,midTopRight,100,41,1071.4285888671875,257.71429443359375,1067.9375009536743,253.00894260406497,731.7142953872681,457.71429538726807,1059
sub6,midTopLeft,250,42,377.1429138183594,244.5714569091797,395.4910898208618,253.00894260406497,731.7142953872681,457.71429538726807,1535
sub6,midTopLeft,0,43,400.00006103515625,261.1429138183594,395.4910898208618,253.00894260406497,731.7142953872681,457.71429538726807,788
sub6,midBottomRight,200,44,1078.857177734375,671.4285888671875,1067.9375009536743,662.4196786880493,731.7142953872681,457.71429538726807,1212
sub6,midBottomLeft,50,45,402.8571472167969,658.857177734375,395.4910898208618,662.4196786880493,731.7142953872681,457.71429538726807,734
sub6,cornerBottomRight,150,46,1429.14306640625,901.1428833007812,1411.732178688049,882.1250619888306,731.7142953872681,457.71429538726807,1731
sub6,midBottomRight,100,47,1072.0,665.7142944335938,1067.9375009536743,662.4196786880493,731.7142953872681,457.71429538726807,1065
sub6,cornerBottomLeft,250,48,44.00000762939453,882.2858276367188,44.26785945892334,882.1250619888306,731.7142953872681,457.71429538726807,1547
sub6,midBottomLeft,0,49,396.00006103515625,662.2858276367188,395.4910898208618,662.4196786880493,731.7142953872681,457.71429538726807,680
sub6,cornerTopRight,200,50,1418.2857666015625,26.85714340209961,1419.1607675552368,33.30357265472412,731.7142953872681,457.71429538726807,1228
sub6,cornerTopLeft,50,51,37.71428680419922,32.571434020996094,44.26785945892334,33.30357265472412,731.7142953872681,457.71429538726807,1001
sub6,midTopLeft,150,52,398.8571472167969,256.57147216796875,395.4910898208618,253.00894260406497,731.7142953872681,457.71429538726807,1074
sub6,cornerBottomRight,100,53,1422.857177734375,882.2858276367188,1419.1607675552368,882.1250619888306,731.7142953872681,457.71429538726807,1330
sub6,cornerBottomRight,250,54,1429.14306640625,887.4285888671875,1419.1607675552368,882.1250619888306,731.7142953872681,457.71429538726807,1811
sub6,cornerBottomRight,0,55,1413.71435546875,879.4285888671875,1419.1607675552368,882.1250619888306,731.7142953872681,457.71429538726807,1196
sub6,midBottomLeft,200,56,387.4285888671875,667.4285888671875,395.4910898208618,662.4196786880493,731.7142953872681,457.71429538726807,1016
sub6,midBottomLeft,50,57,403.4285888671875,655.4285888671875,395.4910898208618,662.4196786880493,731.7142953872681,457.71429538726807,802
sub6,cornerBottomRight,150,58,1430.857177734375,898.857177734375,1419.1607675552368,882.1250619888306,731.7142953872681,457.71429538726807,1632
sub6,midBottomRight,100,59,1080.0,668.0,1067.9375009536743,662.4196786880493,731.7142953872681,457.71429538726807,1052
sub6,cornerTopRight,250,60,1427.4285888671875,28.000003814697266,1419.1607675552368,33.30357265472412,731.7142953872681,457.71429538726807,1918
sub6,midBottomRight,0,61,1056.0,661.1428833007812,1067.9375009536743,662.4196786880493,731.7142953872681,457.71429538726807,923
sub6,midTopRight,200,62,1078.857177734375,256.57147216796875,1067.9375009536743,253.00894260406497,731.7142953872681,457.71429538726807,1269
sub6,cornerBottomLeft,50,63,38.28572082519531,890.857177734375,44.26785945892334,882.1250619888306,731.7142953872681,457.71429538726807,1197
sub6,midBottomLeft,150,64,384.5714416503906,670.2858276367188,395.4910898208618,662.4196786880493,731.7142953872681,457.71429538726807,1159
sub6,midTopLeft,100,65,386.8571472167969,250.85714721679688,395.4910898208618,253.00894260406497,731.7142953872681,457.71429538726807,999
sub6,midBottomLeft,250,66,400.5714416503906,667.4285888671875,395.4910898208618,662.4196786880493,731.7142953872681,457.71429538726807,1155
sub6,midTopLeft,0,67,398.2857666015625,252.00003051757812,395.4910898208618,253.00894260406497,731.7142953872681,457.71429538726807,791
sub6,cornerTopLeft,200,68,40.57143020629883,22.85714340209961,44.26785945892334,33.30357265472412,731.7142953872681,457.71429538726807,1332
sub6,midTopLeft,50,69,398.2857666015625,253.14288330078125,395.4910898208618,253.00894260406497,731.7142953872681,457.71429538726807,763
sub6,cornerBottomRight,150,70,1417.14306640625,890.857177734375,1419.1607675552368,882.1250619888306,731.7142953872681,457.71429538726807,1313
sub6,midBottomRight,100,71,1072.0,665.1428833007812,1067.9375009536743,662.4196786880493,731.7142953872681,457.71429538726807,874
sub6,cornerBottomLeft,250,72,35.42857360839844,885.1428833007812,44.26785945892334,882.1250619888306,731.7142953872681,457.71429538726807,1264
sub6,cornerBottomLeft,0,73,46.85714340209961,884.0001220703125,44.26785945892334,882.1250619888306,731.7142953872681,457.71429538726807,1000
sub6,cornerBottomLeft,200,74,40.57143020629883,881.1428833007812,44.26785945892334,882.1250619888306,731.7142953872681,457.71429538726807,1155
sub6,cornerBottomLeft,50,75,36.0,888.0001220703125,44.26785945892334,882.1250619888306,731.7142953872681,457.71429538726807,1060
sub6,cornerTopRight,150,76,1420.5716552734375,40.0,1419.1607675552368,33.30357265472412,731.7142953872681,457.71429538726807,1316
sub6,midTopRight,100,77,1075.4285888671875,251.42860412597656,1067.9375009536743,253.00894260406497,731.7142953872681,457.71429538726807,918
sub6,cornerTopLeft,250,78,45.14286422729492,36.57143020629883,44.26785945892334,33.30357265472412,731.7142953872681,457.71429538726807,2513
sub6,cornerTopRight,0,79,1414.2857666015625,41.14286422729492,1419.1607675552368,33.30357265472412,731.7142953872681,457.71429538726807,895
